Model,MAE,RMSE,R2 Score
SVM,2.070053994094614,3.0293535749168954,0.8939069769797093
Random Forest,1.0765535791256868,1.728109724171813,0.9654753311746981
